"selection1_name,""selection1_selection2_name"",""selection1_selection2_selection3"",""selection1_selection2_selection3_url"""
"Глэмпинг Доброе,""Плюсы: Очень красивая заповедная зона, просыпаешься с видом на море, засыпаешь под шум волн. Пожалуй, самый необычный наш отпуск. Вроде живешь в палатке, но при этом есть минимальный набор всего необходимого для комфортного пребывания. Идеальный вариант для тех, кто мечтает сходить в поход с палатками, но перспектива ходить в туалет в яму под елкой точно не для него :D. Очень расслабляет и помогает отдохнуть от городской суеты. А теперь более ярко о минусах, чтоб вы были к ним готовы) До глэмпинга тяжело добраться неподготовленному человеку. Добраться можно двумя способами: пешком или на моторной лодке. Лодка стоит 2500 за поездку в один конец. В самом глэмпинге нет причала или деревянного помоста, поэтому с лодки придется прыгать в воду и забираться в лодку тоже с воды."",""Классно и не обычно, но не без минусов"",""https://www.tripadvisor.ru/ShowUserReviews-g2619344-d16831760-r792220105-Glamping_Dobroye-Bolshoy_Utrish_Anapsky_District_Krasnodar_Krai_Southern_Distr.html"""
"Глэмпинг Доброе,""Ездили в глэмпинг Доброе компанией в конце апреля. Поскольку апрель действительно выдался холодным, на это делаю большую скидку этому месту. Но если откинуть наше погодное невезение, то были сильно разочарованы соотношением """"ожидание-реальность"""". Часть 1. Когда мы за 2 месяца бронировали домики, нам было обещано (специально уточняли всё по вотсапу) помимо открыточных видов. 1) на случай непогоды обогреватели и электропростыни 2) устричные фермы и устрицы к столу 3) мидии 4) экскурсии по окрестностям с очень вкусным описанием на сайте глэмпинга Какую информацию мы получили за день до заселения (когда уже все билеты куплены, планы построены, погода посмотрена). 1) Обогреватели не куплены, но постараются найти. Только после скандала с показом прогноза погоды на +8"",""Звезды за классные пейзажи и как скидка за непогоду"",""https://www.tripadvisor.ru/ShowUserReviews-g2619344-d16831760-r787877550-Glamping_Dobroye-Bolshoy_Utrish_Anapsky_District_Krasnodar_Krai_Southern_Distr.html"""
"Глэмпинг Доброе,""Из плюсов: красивая заповедная зона, потрясающие закаты, вкусные мидии и блинчики на завтрак и очень приятный и вежливый молодой человек, который собственно и приносил завтраки) Из минусов: - Везде было грязненько, и нам конечно очень бросалось в глаза - Жутко неудобная и скрипучая кровать после которой спина болела неделю - В душе ни намека на хотя бы еле теплую воду, просто тонкая струйка холодной воды -Кинотеатр под открытым не работал В целом хорошо провели время, но есть нюансы. Заселение прошло не совсем гладко, и нам отказали в просьбе заселить в высокий шатер, хоть он и был свободным на момент нашего приезда. Анастасия сказала, что он забронирован с завтрашнего дня. Я уточнила, а как нам забронировать его, например, если приедем в следующий раз? Мне ответили, что"",""Красиво, но второй раз не поедем"",""https://www.tripadvisor.ru/ShowUserReviews-g2619344-d16831760-r778146972-Glamping_Dobroye-Bolshoy_Utrish_Anapsky_District_Krasnodar_Krai_Southern_Distr.html"""
"Глэмпинг Доброе,""Красиво, дикая природа с идеальным комфортом, Артур готовит вкуснейшие мидии) В номере имеется все необходимое, вполне удобно даже с маленькими детьми! Потрясающий вид! Все очень понравилось, обязательно приедем снова!"",""супер"",""https://www.tripadvisor.ru/ShowUserReviews-g2619344-d16831760-r716085795-Glamping_Dobroye-Bolshoy_Utrish_Anapsky_District_Krasnodar_Krai_Southern_Distr.html"""
"Глэмпинг Доброе,""Все отлично, но с газом надо что то делать. Может электро печи поставить, что бы экономичней было, а то балон газа только на чай с кофем хватает на пару дней, а если готовить на семью??? На общей кухни в очереди стоять.... уже не такой замечательный и уединенный отдых"",""Спокойный отдых"",""https://www.tripadvisor.ru/ShowUserReviews-g2619344-d16831760-r708213131-Glamping_Dobroye-Bolshoy_Utrish_Anapsky_District_Krasnodar_Krai_Southern_Distr.html"""
"Глэмпинг на озере Сиг,""Отдыхала одна с двумя детьми. Очень повезло с погодой и соседями. Дети не скучали. Старшая каталась на сабе, младший с соседскими детьми и кошками, которых там очень много. Можно сходит в баню, покататься на великах, сходить за грибами, покататься на ложкам. Место что отдохнуть от городской суеты, насмотреться на закаты. Кормили вкусно, даже младший оценил."",""Красивое место"",""https://www.tripadvisor.ru/ShowUserReviews-g2542436-d14795478-r810843728-Glamping_on_Lake_Sig-Ostashkovsky_District_Tver_Oblast_Central_Russia.html"""
"Глэмпинг на озере Сиг,""Отдыхали с женой в начале августа. Впечатления неоднозначные, есть плюсы и минусы. К сожалению, для меня минусов было больше, но я пишу, исходя из своего опыта: детей нет, отдыхал в России и в Европе, в глэмпинге были впервые, но прелестей отдыха на природе не боимся. Плюсы: - Мы жили в 6ой палатке. В палатке все продумано, все необходимое есть (кроме соли, сахара). Вся мебель в хорошем состоянии (привет, Икеа). Есть маленький холодильник, посуда, умывальник, диван, кровать, простынь с подогревом (захотел себе такую), вентилятор, газовая плитка. В общем, за все время не поймал себя на мысли, что в номере чего-то не хватает. - Туалет/душ в отдельном помещении, относительно близко от всех палаток. Для каждой палатки своя кабинка/комнатка и запирается на ключ. Внутри аккуратно,"",""Концепция интересная, реализация плохая"",""https://www.tripadvisor.ru/ShowUserReviews-g2542436-d14795478-r763678818-Glamping_on_Lake_Sig-Ostashkovsky_District_Tver_Oblast_Central_Russia.html"""
"Глэмпинг на озере Сиг,""Необычно и очень оригинально придумано, прям на берегу озера, с своим подходом к воде. Рядом с палаткой мангал с дровами, есть свет на улице, столик и стулья. В палатке есть все необходимое, уютная кровать и удобный диван и куча всяких подушечек. Интеграция в природу с комфортом."",""Душевный отдых!"",""https://www.tripadvisor.ru/ShowUserReviews-g2542436-d14795478-r715952370-Glamping_on_Lake_Sig-Ostashkovsky_District_Tver_Oblast_Central_Russia.html"""
"Глэмпинг на озере Сиг,""Мы с мужем были в Глэмпинге с 17 по 21 августа 2019г. Проехав 950км к месту нашей мечты. Впервые с Глэмпингом мы столкнулись в июле на Утрише. Это были незабываемые три дня блаженства. И мы решили обязательно посетить Глэмпинг на озере. С утра 17 августа нам позвонил администратор Григорий и уточнил время нашего прибытия, и тк мы ехали из далека и планировали приехать не раньше 22 часов, Начиная часов с 8 вечера Григорий все время держал с нами связь чтобы мы не заблудились. Естественно, несмотря на то что мы приехали в одиннадцатом часу вечера, Григорий нас встретил, рассказал и показал где что расположено. Отдых принёс нам только положительные эмоции, мы до сих пор вспоминаем эти три дня единения с природой. В палатке было все необходимое для жизни. Плитка с газовым баллоном,"",""Идеальное место"",""https://www.tripadvisor.ru/ShowUserReviews-g2542436-d14795478-r706387458-Glamping_on_Lake_Sig-Ostashkovsky_District_Tver_Oblast_Central_Russia.html"""
"Глэмпинг на озере Сиг,""Нам очень сильно повезло с бронью, потому что на всех сайтах мест уже не было, но сотрудница нашла для нас свободный сафари-тент на троих. Изначально на фото, которые на прислали с пометкой, что мы будем жить в этом домике, было все необходимое. По приезду нас поселили в другой сафари-тент, где на террасе не было стола, одиноко стояли два стула, хотя тент на троих и мы приехали втроём. На повторную просьбу молодой человек принёс нам все-таки стол, но третий стул так и не нашёлся. В номере грязно, но это природа:) за доп плату газовый баллон для плиты, угли и тд. Вечером нам стало ужасно холодно, второй обогреватель нам не предоставили под предлогом, что не выдержит электросеть и это правда, потому что фонарики тускнели каждый раз, когда включали что-то в розетку. Проще говоря,"",""Шум и шансон"",""https://www.tripadvisor.ru/ShowUserReviews-g2542436-d14795478-r703474389-Glamping_on_Lake_Sig-Ostashkovsky_District_Tver_Oblast_Central_Russia.html"""
"Глэмпинг Видно Озеро,""Забронировал проживание в глэмпинге """"ВидноОзеро"""" перед поездкой на Кижи! У них удачное расположение - можно добраться на Кижей буквально за полчаса на лодке или на машине + лодка, если плохая погода и путь по воде надо минимизировать. Кстати, до Кижей сейчас открыли новую прекрасную авто дорогу! Проживание в глэмпинге очень понравилось! Был в сентябре. Благодаря печке в шатрах очень тепло, а ещё на ней можно что-то приготовить, если неохота возиться с мангалом или идти к плите. Но самое главное, что поразило - это клёв! Что не заброс, то поклевка! С берега, конечно, мелочь клюёт, но, всё равно, азартно! Теперь хочу к ним вернуться на рыбалку с лодки! Они в следующем году уже планируют свои лодки в аренду сдавать. Место, действительно, отличное! Тихое, умиротворенное и с очень"",""Клевое место!"",""https://www.tripadvisor.ru/ShowUserReviews-g20997309-d23549856-r809979543-Glamping_Vidno_Ozero-Velikaya_Guba_Republic_of_Karelia_Northwestern_District.html"""
"Глэмпинг Видно Озеро,""Случайно оказались в глэмпинге """"Видно озеро"""" в поисках стоянки для ночлега. Глэмпинг новый, только обустраиваются, но видно, что к делу подходят с умом и душой. Запланировали к ним вернуться в сентябре. Есть всё для спокойного, уютного отдыха - удобная мебель в шатрах, микроволновка, варочная поверхность в общей зоне."",""Удачное сочетание комфорта и отдыха на природе"",""https://www.tripadvisor.ru/ShowUserReviews-g20997309-d23549856-r803425921-Glamping_Vidno_Ozero-Velikaya_Guba_Republic_of_Karelia_Northwestern_District.html"""
"Глэмпинг Vezzika,""Плюсы: - хорошее и красивое местоположение Минусы: - информация на сайте не соответсвует действительности ( пример: на сайте бронировали баню, в подтверждении о бронировании четко прописано 2 часа, по факту на месте оказывается что это не так и мы оплатили на меньшее время и нужно доплачивать) - ездили в июне, огромное количество слепней и спокойно позагорать или посидеть на улице невозможно, понимаю что природа, но ни малейшей информации об этом огромном минусе. - палатки убраны абы как, возможно связано с сотрудницами глэмпинга, так как основное их занятие это скорей курение кальяна. - Питьевая вода грязная так народ суёт туда что попало под руку ( установите хотя бы помпу). Душ (платный) это вода из канала - Как было уже написано в комментарии ниже если вы купили на"",""Хорошая локация и ничего более"",""https://www.tripadvisor.ru/ShowUserReviews-g19800992-d19800667-r793675637-Glemping_Vezzika-Voronovo_Leningrad_Oblast_Northwestern_District.html"""
"Глэмпинг Vezzika,""Очень много слепней, невозможно просто сесть и расслабиться, об этом почему то никто нигде не пишет и не говорит, можно было бы хотя бы предупреждать. По телефону сказали парковка 200 руб/ сутки, по факту уже было 300. Если на сайте покупать лодку, баню и какие то доп. услуги и вы ими не воспользуетесь( например, из за слепней), то вам ничего не вернут. Вода питьевая общая и очень грязная, так как лазиют в эту бочку все и чем попало. Завтраки невкусные и очень очень скудные. Совсем не стоит своих денег, проще приехать отдыхать самостоятельно с палаткой. Душ - одно название. Персонал все время сидит и курит кальян, никто особо не решает никакие вопросы."",""Ожидание и реальность"",""https://www.tripadvisor.ru/ShowUserReviews-g19800992-d19800667-r793572857-Glemping_Vezzika-Voronovo_Leningrad_Oblast_Northwestern_District.html"""
"Глэмпинг Vezzika,""Прекрасное место для перезагрузки и отдыха. Ваше путешествие начинается на катере, который везёт по Ново-Свирскому каналу в лагерь. Этот кемпинг расположен между Ладожским озером и каналом, на песчаной косе. Здесь есть все необходимое, Кухни с посудой и газом, мангалы. Прекрасная походная баня на берегу канала и душ с горячей водой."",""Кемпинг на побережье Ладожского озера"",""https://www.tripadvisor.ru/ShowUserReviews-g19800992-d19800667-r767359929-Glemping_Vezzika-Voronovo_Leningrad_Oblast_Northwestern_District.html"""
"Глэмпинг Vezzika,""Прекрасное место, удивительные закаты, чистый пляж, Чистые шатры. На территории имеется баня. Для проведения отдыха на выходных или отметить день рождения с друзьями, прекрасно подходит. Мы добирались на авто и на берегу нас забрали на катере."",""Чудесные выходные"",""https://www.tripadvisor.ru/ShowUserReviews-g19800992-d19800667-r759610468-Glemping_Vezzika-Voronovo_Leningrad_Oblast_Northwestern_District.html"""
"ЛЕС Глэмпинг и спа,""Решили мы посетить это чудесное место , забронировали значит две ночи и внесли предоплату за первые сутки 25 000 . При заселении нам показали наше бунгало номер 103 за стенкой которого площадка для гладиаторких боев с 10 до 18 часов и при входе общая зона с костром где по Вечерам поют песни. Также прям у нашего входа ресторан и все жители этого чудесного места! После долгих переговоров нам отказались предоставить более уединённое место ну да ладно думаем мы и решили сходить в ресторан после которого жену прополоскало и пронесло! Советую тем кто хочет посетить место настоятельно при бронировании уточнять расположение этого шалаша , наш шалаш с туалетом от которого все запахи у вас в спальне (я думаю система везде такая рекомендую холить в ресторан чтобы вашу вторую половинУ не"",""Обязательно к прочтению"",""https://www.tripadvisor.ru/ShowUserReviews-g4590527-d21058429-r837180907-Les_Glamping_and_Spa-Chvizhepse_Krasnaya_Polyana_Adler_District_Sochi_Greater_.html"""
"ЛЕС Глэмпинг и спа,""Кемпинг подойдёт исключительно для семей с детьми . Но так как они предлагают отдых и для других категорий гостей , то пары или одинокие гости в надежде на тишину и комфорт его здесь не найдут . Предупредить хочу , что фото с сайта не всегда будет соответствовать тому , куда вас поселят . Есть несколько домиков без террас совсем . Хотя я бронировала люкс плюс и на сайте фото этому номеру , где видна терраса с креслами . По факту - ее нет . Т е выйдя из домика 114 ( открыв прозрачную плёнку с занавеской прозрачной , вы сразу пропадаете на дорожку . По этой дорожке ходят гости в ресторан и это самая громкая и проходимая часть в кемпинге , по ней персонал возит тачки с бельём со всех домиков видимо или что то ещё . За 3 ночи я заплатила 79000 , т е расположение этого"",""Обман при бронировании категорий номеров"",""https://www.tripadvisor.ru/ShowUserReviews-g4590527-d21058429-r836762608-Les_Glamping_and_Spa-Chvizhepse_Krasnaya_Polyana_Adler_District_Sochi_Greater_.html"""
"ЛЕС Глэмпинг и спа,""Выбрали глэмпинг Лес, чтобы отметить мой ДР. Планировали провести тут 7 дней. Тезисно: 1. Отличная локация. Тихое место вдали от туристической суеты. Природа, кролики, поют птички, все как надо????. 2. Комфортные палатки, оборудованные всеми мыслимыми удобствами. Тёплый пол, простыни с подогревом, умный унитаз, ну т.е местами даже перебор??. 3. В ресторане, который @zayka_les, вкусно кормят и приятное обслуживание?? 4. Респект всему персоналу на территории, от администраторов до техников??. Действительно пытаются решать проблемы всеми доступными способами, вплоть до комплиментарного испанского брюта и фруктовой тарелки. 5. Прекрасный банный комплекс, открытый бассейн, джакузи под открытым небом, несколько видов бань, массажи, йога, и все это входит в стоимость проживания без"",""О ярких павлиньих перьях, о том, что всегда скрыто под ними, или чуда таки не произошло."",""https://www.tripadvisor.ru/ShowUserReviews-g4590527-d21058429-r829355909-Les_Glamping_and_Spa-Chvizhepse_Krasnaya_Polyana_Adler_District_Sochi_Greater_.html"""
"ЛЕС Глэмпинг и спа,""Разочарованы ( Всю красивую картину сказочного леса испортил доставшийся нам не удачный домик-палатка . За очень не маленькую цену мы получили скрипучий пол с торчащими шурупами, двухкомнатные апартаменты с постоянной ароматизацией канализации и ранние регулярные звуки проезжающих тележек хоз.персонала. Всыпаться на свежем воздухе не удалось. Чувства уединения не ощутили . Соответственно и впечатление осталось наихудшим. Спа- массаж на 3 …. Опять же по не маленькой цене"",""Лес разочаровал"",""https://www.tripadvisor.ru/ShowUserReviews-g4590527-d21058429-r806309642-Les_Glamping_and_Spa-Chvizhepse_Krasnaya_Polyana_Adler_District_Sochi_Greater_.html"""
"ЛЕС Глэмпинг и спа,""Очень необычное место. Всем советую побывать. Отдельно хочу отменить работу всего персонала. Сервис на высшем уровне. Каждый сотрудник относится к каждому гостю с радушием и гостеприимством. Обязательно вернёмся в это волшебное место."",""Великолепное место и сервис !"",""https://www.tripadvisor.ru/ShowUserReviews-g4590527-d21058429-r792238448-Les_Glamping_and_Spa-Chvizhepse_Krasnaya_Polyana_Adler_District_Sochi_Greater_.html"""
"Глэмпинг NewCamp,""Глэмпинг находится близ посёлка Эссойла, в сосновом лесу. Представляет собой 10 деревянных домиков в эко-стиле , на отдалении друг от друга , шатёр для проведения утренней зарядки, бани, строящуюся столовую. У каждого домика есть небольшая терраса с зоной отдыха и барбекю. В домике есть все необходимое , посуда , полотенца, пледы, по запросу предоставляется фен, утюг . Завтраки приносят в домик к оговорённому времени, они , конечно, скудные. Но надеюсь , что с построением столовой этот недостаток будет компенсирован. Главный плюс глэмпинга- потрясающая природа вокруг и панорамные окна. Есть своя парковка. Открылся в июне 21 года , поэтому думаю ещё ребята в процессе усовершенствования находятся"",""Уединение и природа"",""https://www.tripadvisor.ru/ShowUserReviews-g15339112-d23322752-r810522426-Glamping_NewCamp-Essoyla_Pryazhinsky_District_Republic_of_Karelia_Northwester.html"""
"Urman Camp Глэмпинг,""Приехали в глэмпинг к 5 попросили заранее затопить, в итоге купель была готова только к 10 когда мы уже собирались спать, к нам приходили собаки и мешали нам спать в дальнейшем, ходил мужчина работник и мешал нам побыть одним за чем мы как раз и приехали(за лишенкой и спокойствием) оставили вещи попросили вернуть их и в итоге тишина, место не для отдыха и расслабления, а больше для картинки(если хотите пофоткаться тогда это место точно для вас)"",""Отдых не задался"",""https://www.tripadvisor.ru/ShowUserReviews-g23400697-d23396551-r831202945-Urman_Camp_Glamping-Bolshiye_Kulbashi_Republic_of_Tatarstan_Volga_District.html"""
"Urman Camp Глэмпинг,""Отдохнули и телом и душой в этом замечательном месте. В домике все продумано до мелочей, с собой действительно надо брать только хорошее настроение и купальники. Выражаем восхищение Жанне, которая нас встречала. Ее улыбка, доброжелательность еще долго буду греть нас и напоминать об отдыхе. Всему персоналу спасибо за тёплое гостеприимство и отзывчивость. Однозначно 5 звезд и будем всем вас рекомендовать! P.S. отмечу что в домиках чисто,уютно, и главное, тепло. Помимо чана накатались с горки на санках и сходили на настоящий лесной родник за водой."",""Чудесное место, прекрасный отдых!"",""https://www.tripadvisor.ru/ShowUserReviews-g23400697-d23396551-r827562939-Urman_Camp_Glamping-Bolshiye_Kulbashi_Republic_of_Tatarstan_Volga_District.html"""
"Urman Camp Глэмпинг,""Очень классно отдохнули в глэмпинге и хотим от всей нашей компании сказать отдельное спасибо управляющей Жанне, благодаря вашей улыбке и гостеприимству наш отдых был просто супер. Сразу видно, профессионал, на все просьбы была моментальная помощь, подсказки. Всем рекомендуем это место, здесь очень уютно, тепло, чан -вообще выше всяких похвал. Продумано все до мелочей, приедем еще и не один раз!"",""Очень круто!"",""https://www.tripadvisor.ru/ShowUserReviews-g23400697-d23396551-r824318214-Urman_Camp_Glamping-Bolshiye_Kulbashi_Republic_of_Tatarstan_Volga_District.html"""
"Urman Camp Глэмпинг,""В общем, что могу сказать, если отбросить все минусы - оно того стоит, но наверное на раз. По крайней мере пока нам больше не хочется. Привлекло нас, что на террасе был чан. Нам очень он понравился, лежали в нем практически весь вечер. Домики уютные, печка в самом доме - вообще огонь ?? Но есть и минусы, а именно: - дорога до самого глэмпинга после деревни - узенькая дорога, что если две машины встретятся - им не разъехаться. Собственно таки было в день выезда, мы уже почти подъехали к деревне ближайшей, как какой-то мужчина поехал на встречу нам (видя какая узкая дорога, на что рассчитывал непонятно), в итоге он застрял - пришлось помогать ему выезжать. - Угли были сырые, пришлось долго разжигать - Сам мангал был грязный, похоже его никто не убирает, веер вообще валялся на"",""Если устали от городской суеты и грязь вас не омрачит - то вам понравится"",""https://www.tripadvisor.ru/ShowUserReviews-g23400697-d23396551-r823810483-Urman_Camp_Glamping-Bolshiye_Kulbashi_Republic_of_Tatarstan_Volga_District.html"""
"Urman Camp Глэмпинг,""Была в Urman Camp на выходных. Только начинались морозы. После городской суеты более прекрасного места не придумать: вдали от города, совершенная звенящая тишина, морозный воздух, красота вокруг!!! Гостеприимство Жанны выше всяких похвал, легко и по-доброму с большим уважением и терпением! Прекрасная обстановка, чистота, красота, очень чувствуется трепетное отношение Жанны и ребят к самому месту. Открытый и отзывчивый персонал! Просто суперррр!!!! Понравилось безумно, обязательно будем приезжать еще!!!! P.S. когда увидела табун лошадей, просто обомлела от радости!!! P.S.S. Всегда и всем говорю, что место делают люди, сохраните своих людей и место точно расцветет!!!"",""Прекрасное место в тишине и на природе"",""https://www.tripadvisor.ru/ShowUserReviews-g23400697-d23396551-r823092705-Urman_Camp_Glamping-Bolshiye_Kulbashi_Republic_of_Tatarstan_Volga_District.html"""
"Велна Эко Спа Резорт,""Мне есть с чем сравнивать, поэтому посетив загородный СПА-отель «WELNA Eco Spa Resort» могу совершенно точно сказать, что это один из лучших загородных отелей в нашей стране. Не даром, он входит в ТОП-5 отелей России. Место расположение, архитектура, инфраструктура, программа развлечений и обучающих мастер-классов – все на высшем профессиональном уровне. Так же, нельзя не отметить, что «WELNA Eco Spa Resort» успешно справляется и с новациями в сфере отечественных инвестиций. Но, как совершенно правильно говорится: люди решают все. Без высококвалифицированного персонала достойная работа отеля была бы невозможна. Выражаю огромную благодарность за такт, профессиональное мастерство и просто человеческое отношение к гостям и своей работе в целом всему коллективу загородного СПА"",""Прекрасный отель!"",""https://www.tripadvisor.ru/ShowUserReviews-g2538807-d6428949-r838210102-Welna_Eco_Spa_Resort-Tarusa_Kaluga_Oblast_Central_Russia.html"""
"Велна Эко Спа Резорт,""Из плюсов: Очень понравился номер, шикарная территория, есть где погулять. Красивый лес. Очень вкусные ужины в Сеновале и Лофте. Из минусов: Шведский стол, который испортил все впечатление! Во первых, невкусно. Во вторых произошли очень неприятные ситуации. Я вегетарианец, взяла на завтрак киш """"шпинат сыр"""". Съев полтора куска обнаружила ветчину! В итоге повар и 2 администратора мне доказывали минут 10 что это грибы и в кише не используется ветчина. Я пошла с этим к администратору отеля, они увидели что это ветчина и обещали разобраться. В итоге на обеде ко мне подошли, извинились, и признали, что там правда был бекон (до этого мне вынесли все нервы, доказывая что это грибы)! Просто рецепт изменился и они не были в курсе. За эту неприятность вынесли мне комплимент - кусок"",""Отель очень хороший, но быть аккуратным вегетарицам и тем кто любит вкусно поесть. Лучше ходить платно."",""https://www.tripadvisor.ru/ShowUserReviews-g2538807-d6428949-r835676452-Welna_Eco_Spa_Resort-Tarusa_Kaluga_Oblast_Central_Russia.html"""
"Велна Эко Спа Резорт,""Поездка в Велну оставила яркие впечатления Сюда хочется вернуться Заранее заказала спа-процедуры Обещали хороших мастеров И обещание сдержали Очень рада, что попала к массажисту Юрию Онищенко. Он терпеливо ответил на все вопросы о процедурах, рассказал о средствах ухода, которые используются в них. А главное помог подобрать то, что мне было нужно Юрий показал на примере моего тела как массаж влияет на весь организм в целом и не только на физическом уровне Ощущения легкости, бодрости, здоровья и позитива после сеанса приятно удивили. Ушла застарелая боль в колене. Наконец-то за долгое время смогла нормально заснуть, не """"пристраивая"""" ногу. Кроме того, Юрий дал рекомендации как снимать боль и даже показал несколько массажных движений. Большое спасибо! Косметологу Ларисе"",""Спа - процедуры"",""https://www.tripadvisor.ru/ShowUserReviews-g2538807-d6428949-r835013553-Welna_Eco_Spa_Resort-Tarusa_Kaluga_Oblast_Central_Russia.html"""
"Велна Эко Спа Резорт,""Очень приятное место. Много тропинок, где можно нагуляться вдоль ручейков(тропинки подсыпаны щепой, поэтому даже в сырую погоду приятно гулять), сходить в хамам в спа, поплавать в бассейне. Питание очень понравилось: все вкусно и есть все для всей семьи, ресторан приятный с красивыми видами. Есть каши, супы-пюре (для тех кто с детьми). Кто жалуется на еду, ну не знаю, что они едят обычно такого, чего тут нет. Есть реально всё, действительно вкусно и еда все время пополняется, хватает всем, персонал очень дружелюбный. Есть Детская игровая в отдельном помещении, где проходят мастер классы или можно просто играть. У нас ребёнок уже подросший, играл сам с ребятами, а мы, родители балдели на массаже и в спа. В общем отдохнули все и все довольны!"",""Отель с душой!"",""https://www.tripadvisor.ru/ShowUserReviews-g2538807-d6428949-r834967182-Welna_Eco_Spa_Resort-Tarusa_Kaluga_Oblast_Central_Russia.html"""
"Велна Эко Спа Резорт,""Неплохое место для всей семьи, но возможно надо приезжать когда уже готовы к сезону. Территория интересная, но в апреле еще не ухожена. Корпуса прикольные, но уставшие. Кухня в ресторанах хорошая, но обед входящий в пансион не удобен - столпотворение на входе, неудобно раздеваться с детьми, тесно. В спацентре тоже тесно в выходные."",""Хорошо было раньше"",""https://www.tripadvisor.ru/ShowUserReviews-g2538807-d6428949-r834085906-Welna_Eco_Spa_Resort-Tarusa_Kaluga_Oblast_Central_Russia.html"""
"Глэмпинг Под небом,""Отличные условия проживания, очень отзывчивый и позитивный персонал!Ухоженная территория и невероятно вкусная еда, все условия для активного отдыха) Остались очень довольны и обязательно приедем ещё! Спасибо!"",""Отдых"",""https://www.tripadvisor.ru/ShowUserReviews-g7018511-d21206376-r798813665-Pod_Nebom_Glamping-Tishkovo_Moscow_Oblast_Central_Russia.html"""
"Глэмпинг Под небом,""Написал уточнить детали, прочитали и забыли. не как у меня в голове не уклыдывается.. люди просят с человека за сутки месячную зарплату продавца из Сергиев посада, но элементарно не могут ответить на сообщение. Надо ли вообще туда ехать?"",""Неклиентоориентированное место"",""https://www.tripadvisor.ru/ShowUserReviews-g7018511-d21206376-r797870952-Pod_Nebom_Glamping-Tishkovo_Moscow_Oblast_Central_Russia.html"""
"Глэмпинг Под небом,""Великолепное место отдыха в соединении с природой. Чувствуется душа владельцев во всем от комфорта в палатках, кухни до обстановки на пляже! Персонал дружелюбный. Внимательный. Сделано все на отлично! Отдыхали с ребёнком, 4 годика , Маша осталась тоже в восторге . Водные развлечения - сапы, байдарки. Вэйк - это мечта! Так полюбили это место, что муж написал слова на песню Гребенщикова .. и теперь поем ..вспоминая, как было хорошо « pod_nebom голубым есть glamping у воды там счастьем и спокойствием окутан будешь ты а взору предстаёт величие страны с лесами и озерами невиданной красы«. Рекомендуем очень. Ребята - лучшие в этом виде отдыха !"",""Место силы и перезагрузки!"",""https://www.tripadvisor.ru/ShowUserReviews-g7018511-d21206376-r792760693-Pod_Nebom_Glamping-Tishkovo_Moscow_Oblast_Central_Russia.html"""
"Глэмпинг Под небом,""Здравствуйте! Столкнулась с хамским и странным поведением в этом месте. Выбирала место на weekend , хотела уточнить детали, на что мне сказали смотрите на сайте, пришлось выдавливать от них информацию. Цена космос, реально, деньги взяты с потолка, да это ладно, на сайте у них одна цена, а в переписке называют другую, но слушайте дальше. Я закрыла на это глаза, хотела забронировать, они говорят, для брони переведите всю сумму (а это на минуточку 70 000 р)!!! Я такая в смысле? А что оплатить при въезде нельзя? Как минимум, во всех нормальных местах бронируют без оплаты, во всех Глэмпингах, базах отдыха, отелях и т д. Я предложила оплатить 5% от стоимости, по моему мнения 5% это достаточно адекватная предоплата и её я гарантирую своё приезд, на что говорят - нет, платите 100%!"",""Однозначно не советую!"",""https://www.tripadvisor.ru/ShowUserReviews-g7018511-d21206376-r791123634-Pod_Nebom_Glamping-Tishkovo_Moscow_Oblast_Central_Russia.html"""
"Глэмпинг Под небом,""Суперский дизайн палаток, вкусная кухня, водные активности, пляж, лес. Можно провести романтические выходные с ужином на пирсе и видом на закат. Или активно позаниматся спортом - вейк за катером. В общем, круто. Всем советую"",""Отличное место в подмосковье на воде"",""https://www.tripadvisor.ru/ShowUserReviews-g7018511-d21206376-r769876980-Pod_Nebom_Glamping-Tishkovo_Moscow_Oblast_Central_Russia.html"""
"Гуляй-Город,""Приехали сегодня после дороги и музея в Серпухове. Доброжелательный персонал. Хорошо поужинали. При заселении поняли, что наш номер рядом с лестницей: запахи из ресторана, проходящие/пробегающие жители - всё слышно. Очень слышимость хорошая и за стеной. Попросили соседей в 23.00 потише разговаривать, почти получилось :) пытаюсь заснуть, беруши не очень помогают. Открыть окно и проветрить - можно, но до тех пор пока соседи не курят на балконе. Мы в номере 303, но можно было выбрать номера в конце коридора - было бы хорошо, если на сайте был бы план номеров. Завтра на блошку и в Поленово, а потом осваиваться на территории :)"",""выбор номеров"",""https://www.tripadvisor.ru/ShowUserReviews-g12972294-d12661866-r828554582-Gulyai_Gorod-Lanshinskiy_Zaoksky_District_Tula_Oblast_Central_Russia.html"""
"Гуляй-Город,""На свадьбу нам подарили сертификат Cuva, который решили реализовать в «Гуляй-город». Сначала про место: локация весьма живописная, в первую очередь за счёт вида на Оку, конечно. Достаточно мелко, вода должна быстро пригреваться, да и малышне раздор. В 10 мин езды на велике -затопленный песчаный карьер, неплохие виды. Рядом лесок, чистый, светлый и ягодный. На территорию приехали на двадцать минут раньше, нас попросили подождать. Через двадцать минут администратор будто бы впервые нас увидел, но ладно, списали на переутомление по жаре. Заселились в «эко-капсулу». Сама капсула крутая: огромное панорамное окно на реку, сам домик стоит на деревянном помосте, рядом два шезлонга и свой столик, внутри очень классно, есть все необходимое (душ, кондей, чайный набор, столовые"",""Два вечера, два разных впечатления."",""https://www.tripadvisor.ru/ShowUserReviews-g12972294-d12661866-r797855773-Gulyai_Gorod-Lanshinskiy_Zaoksky_District_Tula_Oblast_Central_Russia.html"""
"Гуляй-Город,""Из плюсов: Очень доброжелательный персонал, чистые номера, хорошая кухня, приятные природные объекты в пешей доступности. Небольшие минусы: В капсуле был очень дешёвый матрас, каждую пружину можно было посчитать телом, пришлось подкладывать одеяло, чтобы уснуть. Территория пока находится в состоянии полу-заброшенном, наверное, не успели подготовиться к сезону из-за сильного разлива реки весной. Утром во время завтрака довольно громко включают музыку на веранде."",""Общее впечатление положительное"",""https://www.tripadvisor.ru/ShowUserReviews-g12972294-d12661866-r789782565-Gulyai_Gorod-Lanshinskiy_Zaoksky_District_Tula_Oblast_Central_Russia.html"""
"Гуляй-Город,""Дорогой Гуляй-Город! Вот уже целый год я взахлеб рассказываю о тебе всем друзьям и знакомым, но думаю, отзыв на трипэдвайзере для тебя будет полезней) Это место спасло нас в пандемийное лето 2020года. Мы действительно отдохнули. Это было так важно для нас. Здесь великолепно все: вкуснейшая кухня, удобный уютный номер (у нас был двойной розовый, жили с двумя детьми, в одной комнате было бы сложно), потрясающая природа, теплая речка. Дети постоянно зависали на купание/батут, так что мы выдохнули!) Гуляли каждый день по полю, любовались разнотравьем и великолепными закатами. Баня и сап-доски тоже огромный плюс) Красивейший интерьер отеля. А завтраки на открытой терассе каждое утро были приятнейшим ритуалом. Спасибо вам! Мы скучаем)"",""Идеально) Скучаем. Привет ласточкам!)"",""https://www.tripadvisor.ru/ShowUserReviews-g12972294-d12661866-r788187126-Gulyai_Gorod-Lanshinskiy_Zaoksky_District_Tula_Oblast_Central_Russia.html"""
"Гуляй-Город,""Очень довольны двухдневной поездкой в Гуляй-город. Останавливались в эко-капсуле Орбита. Комфортно и доброжелательно. Поначалу было немного свежо, но потом домик прогрелся. А ещё в капсуле есть печка-камин. Очень уютно! Персонал самой гостиницы очень вежливый. Ресторан с вкусной едой. Кроме того, в этом комплексе есть баня. Небольшая, но для двоих удобная."",""Приятный отдых, даже зимой!"",""https://www.tripadvisor.ru/ShowUserReviews-g12972294-d12661866-r783599715-Gulyai_Gorod-Lanshinskiy_Zaoksky_District_Tula_Oblast_Central_Russia.html"""
"Глэмпинг Китовый Берег,""Мы не могли и предположить, что получим столько новых эмоций и встретим столько интересных людей на краю земли… Ехать в путешествие посоветовали друзья, они были здесь в августе и остались в полном восторге. Прямой самолёт Пермь-Мурманск не оставил и доли сомнений, что надо лететь. Из отеля в Мурманске нас забрал гид Максим на достаточно комфортном Land Cruiser. Дорога до базы длилась 5 часов, но мы ее совсем не заметили, потому что Максим занял наше внимание историей. Местами мы останавливались и выходили из авто посозерцать виды или посмотреть памятники, заехали в Долину Славы. На базе нас тепло встретила милая девушка Елена, напоила чаем с травами, заселила в комфортные глэмпинги и отправила в баню. Кстати, баня нам полюбилась и мы ходили в нее каждый день. За дубовые"",""САМОЕ НЕЗАБЫВАЕМОЕ ПУТЕШЕСТВИЕ НА КРАЙ ЗЕМЛИ"",""https://www.tripadvisor.ru/ShowUserReviews-g2305398-d23556794-r814700735-Kitovy_Bereg_Glamping-Pechenga_Murmansk_Oblast_Northwestern_District.html"""
"Zelenaya Tropa,""Итак, вы платите 30 000 рублей за две ночи, БЕЗ еды, при этом доплачиваете за трёх килограммовую собаку и получаете: 1. Домик который кишит муравьями. В буквальном смысле они повсюду, по кровати, по кухне, по стакану, который нужно поставить в холодильник, если вы хотите оставить его без них, муравьи на стенах, в чистом чайнике, в ванной…везде..ты не спишь а просто чувствуешь как все шевелится вокруг:( 2. Пол в ванной, под которым стоит вода и просто хлюпает и выливается из щелей, если на него наступить, от этого постоянно мокрые ноги, носки, полотенца, при этом при заезде был включён электрический тёплый пол…видимо, чтобы гостей ещё и коротнуло. 3. 27 клещей, которых мы сняли со своей ОБРАБОТАННОЙ собаки…предупреждал ли кто то? Нет. Такое, конечно, впервые. Да, минусы есть"",""Разочарования"",""https://www.tripadvisor.ru/ShowUserReviews-g2323964-d17546049-r838443655-Zelenaya_Tropa-Tula_Oblast_Central_Russia.html"""
"Zelenaya Tropa,""Место явно не для всех, надо точно понимать соответствие цены и качества. Мы как опытные путешественники, в том числе и формата глэмпинга, впервые столкнулись с такой большой дифференциацией цен. Нам досталась 9 дача, из всех дач самая некачественная, недоделанная, старая и совершенно не соответствующая тому что изначально было на фото. Видно, что организацией глэмпинга занималась женщина , гели для душа, ушные палочки и подушка в стразиках это все продумано, а вот достроить менять белье в домиках, завести зубные щётки и тапки, тропинку к домику, убрать строительные материалы, какашки с деревянных тропинок, тут не додумались. Две ночи в 9 даче обошлись в 26 тысяч с отдельной доплатой за завтрак. Внимание! Это цена пятизвездочного отеля в центре Москвы за две ночи с завтраком и"",""Ужасно"",""https://www.tripadvisor.ru/ShowUserReviews-g2323964-d17546049-r837940091-Zelenaya_Tropa-Tula_Oblast_Central_Russia.html"""
"Zelenaya Tropa,""Отличный глэмпинг - множество вариантов размещения. Мы выбрали домик на дереве - все удобства, кухня, терраса и отличный вид. Домик хорошо обустроен и оснащён необходимым минимумом хорошей техники. Косметика в домике - от геля для душа до кондиционера какой-то авторской разработки с эфирными маслами и прочими полезностями. Понравилось мятное мыло для рук. Но почему-то оно было только у общих рукомойников . Общие места - для приема пищи и вечерних посиделок у костра хорошо продуманы. Питание понравилось - домашняя кухня, много продуктов с местных ферм. Есть разные настольные игры для детей и взрослых. Один из важных моментов, глэмпинг - dog friendly. Встретили многих любителей собак для общей радости потомцев. Рассматриваем это место для повторного посещения."",""Отличный глэмпинг"",""https://www.tripadvisor.ru/ShowUserReviews-g2323964-d17546049-r804536482-Zelenaya_Tropa-Tula_Oblast_Central_Russia.html"""
"Zelenaya Tropa,""Добрый день. Мы были в лагере на Оке с одной ночевкой. Эти два дня привели нашу компанию в восторг! Времени было мало, погода дождливая. Но коллектив и занятия в Матклассе сделали свое дело - мы окунулись в природу и мир математики, а дети хотели продолжать и продолжать. Надеемся минимум на неделю путешествия с Матклассом куда угодно! Спасибо вам за профессионализм и гибкий подход!"",""Мы в восторге от отдыха"",""https://www.tripadvisor.ru/ShowUserReviews-g2323964-d17546049-r788523896-Zelenaya_Tropa-Tula_Oblast_Central_Russia.html"""
"Zelenaya Tropa,""Завершая пребывание в каком-нибудь отеле я всегда стараюсь сформировать свое комплексное впечатление о месте с целью понять, стоит ли сюда возвращаться или нет. Мнение о Зеленой тропе сформировал на основании нескольких факторов: * Номер - малюсенький домик, в котором сложно разойтись 2м людям. Внутренняя эргономика совершенно непродуманна. Нет геля и шампуня, а душ плохо спускает воду. Матрасы, подушки и одеяла самого низкого качества, на которых не удобно спать. Из окна дует, обогреватель дребезжит и ночью очень мешает. * Еда - на один прием пищи доступно несколько видов блюд, но практически все они несъедобны. Так как продукты используются некачественные, то после еды у тебя возможны два ощущения: тошнота или ощущение, что съел ведро щебня. Также хочу отметить, что по"",""Разочарование и пустота"",""https://www.tripadvisor.ru/ShowUserReviews-g2323964-d17546049-r776692346-Zelenaya_Tropa-Tula_Oblast_Central_Russia.html"""
"Мамонт Camp,""Потрясающее единение комфорта, уюта, невероятно вкусной еды и авторской подачи с природой, возможностью проснуться под шум реки без единого постороннего звука и видами Горного Алтая?? Команда организаторов потрясла нас своими идеями, заботой о каждом из нас (ни одна наша просьба, даже самая незначительная не осталась без внимания). У ребят есть запас всего, начиная от оборудования для треккинга, заканчивая вашим любимым вином?? Ребята, вы лучшие! Обязательно к вам вернёмся!??"",""Атомно проведённое время??"",""https://www.tripadvisor.ru/ShowUserReviews-g4590766-d23536543-r804193302-Mamont_Camp-Ust_Koksa_Republic_of_Altai_Siberian_District.html"""
"Мамонт Camp,""В полном восторге от места, программы, людей. Отдых как в детстве, когда тебя кормят 3 и больше раз, заботятся о твоём комфорте да ещё и активность продумана с идеальной нагрузкой. Мы ехали отдыхать, а не совершать туристические подвиги :) Лагерь на берегу реки, просыпаешься в шатре с панорамным видом и слышишь природу каждую секунду. Все запахи тумана, реки, цветов чувствуются на 100% и вся эта природная самобытность сочетается с ресторанным сервисом, горячей водой 24/7, подогреваемыми простынями, баней и кедровой купелью. Однажды у костра мы видели лисицу, а при ясном небе мы гарантировано заставили Млечный Путь. Это лучший опыт знакомства с Алтаем и командой Mamont camp, жаль, что погрузилась в глэмпинг только в этом году."",""Глэмпинг в Алтае для искушённых гостей"",""https://www.tripadvisor.ru/ShowUserReviews-g4590766-d23536543-r803140983-Mamont_Camp-Ust_Koksa_Republic_of_Altai_Siberian_District.html"""
"Мамонт Camp,""Волшебное место: все продумано до мелочей, внимание к деталям поражает. Очень комфортные стильные шатры, души с горячей водой, потрясающая кухня, красивейшая жаркая баня. Но самое главное это команда: все, от администрации до официантов, очень внимательные, преданные своему делу профессионалы. Обязательно вернусь снова."",""Самый комфортный способ увидеть Алтай"",""https://www.tripadvisor.ru/ShowUserReviews-g4590766-d23536543-r802584300-Mamont_Camp-Ust_Koksa_Republic_of_Altai_Siberian_District.html"""
"Скала,""Проживали в домике с видом на море. Ощутил полную идиллию и спокойствие, как я понял на территории были только мы:)-хотя и не удивительно вторник среда в марте может быть с этим связано. Хорошее место чтобы отдохнуть от суеты, пожарить мясо и провести время с семьей, гуляя и любуясь на море. Незначительный минусь что на территории не работал ресторан, но об этом предупреждали при бронировании и мы подготовились, но всё же..."",""Отдых удался"",""https://www.tripadvisor.ru/ShowUserReviews-g2619415-d12118366-r833490618-Scala-Kabardinka_Gelendzhiksky_District_Krasnodar_Krai_Southern_District.html"""
"Скала,""Отдыхали с парнем в начале сентября. В одном из самых бюджетных размещений - тент в лесу. Бюджетным сложно назвать, но очень хотелось попробовать новый вид отдыха - в глэмпинге. Тэнт уже далеко не такой красивый как на фотографиях (из-за сырости пошли темные пятна, характерный запах, коврик и одеяла тоже к к концу сезона не первой свежести). Но матрас удобный, светильник и обогреватель работали) Пляж ужасен, покупаться особо не получится. Но можно пройти 10 минут по побережью к судну РИО и там будет симпатичная пляж с галькой, но он совсем небольшой, так что народ там мостится друг к другу. Туалеты и душ сделаны из самых дешевых материалов, но в целом там было чисто. Вид на море и город у отеля и правда потрясающий. Территория чистая, персонал вежливый. Но кажется, это не"",""Ни рыба ни мясо ??"",""https://www.tripadvisor.ru/ShowUserReviews-g2619415-d12118366-r811050864-Scala-Kabardinka_Gelendzhiksky_District_Krasnodar_Krai_Southern_District.html"""
"Скала,""Часто приезжаю в Кабардинку покупаться на море из Новороссийска. Появилось модное место глемпинг Скала несколько лет и я хоть раз в сезон туда приезжала и привозила своих гостей. Приехала и в этом году. Так как пляж там ужасный, огромные камни в воде, водоросли и отсутствие тени на пляже, я там никогда не купаюсь. Приезжаю покушать в кафе и полюбоваться морем. Попав на территорию, была остановлена охранником, который в грубой форме объяснил, раз приехала в кафе. туда и иди и нечего по территории ходить. во что мы превращаемся, у нас охранник главный начальник. Из плюсов этого глемпинга вид на море. Из минусов отсутствие бесплатной парковки, ужасный пляж, ужасное море и с этого года ужасный сервис. Ну и конечно книги отзывов и предложений вы у них не найдете. Поэтому не"",""Как я хотела посетить глемпинг"",""https://www.tripadvisor.ru/ShowUserReviews-g2619415-d12118366-r797150407-Scala-Kabardinka_Gelendzhiksky_District_Krasnodar_Krai_Southern_District.html"""
"Скала,""Мы выбрали этот вариант размещения, чтобы попробовать формат глэмпинга. Отдыхали здесь семьёй в начале июня. Местоположение глэмпинга великолепное: вдали от шумных улиц и перегруженных пляжей центральных улиц Кабардинки. Наш выбор пал на шатёр-сафари и мы не ошиблись. Шатёр-сафари - самое лучшее, что можно представить. Из шатра открывается живописный вид на море и закаты. Обстановка шатра, постельное белье - все хорошо. Но есть и минусы, а именно: отсутствует WiFi везде, кроме ресепшн; в шатре не дают полотенца (что для нас было неожиданным, учитывая ценник на аренду); нет элементарного набора посуды и столовых приборов. По нашей просьбе нам принесли полотенца. Могу сказать, что персонал Скалы очень дружелюбен и отзывчив, хоть и нерасторопен. Что касается территории, то все"",""Жемчужина Кабардинки"",""https://www.tripadvisor.ru/ShowUserReviews-g2619415-d12118366-r794162245-Scala-Kabardinka_Gelendzhiksky_District_Krasnodar_Krai_Southern_District.html"""
"Скала,""Спонтанная поездка, случайно нашли этот глемпинг и решили попробовать для себя необычный способ размещения – кемпер. Раньше такого опыта не было, но в будущем хотим приобрести себе кемпер, поэтому для нас это был своеобразный тест-драйв. Остались только положительные эмоции, нас было двое, но думаю с комфортом разместились бы и 4 человека. Есть все необходимые условия для проживания, всё весьма уютно и чисто. Самое главное — это вид – прям на море, это запомнилось больше всего. Территория большая, чистая. Персонал был вежливый, заселили быстро, всё подробно рассказали и в целом дали дополнительную информацию по самому поселку. Из минусов погода, но тут без претензий, планируем вернуться еще раз уже в разгар сезона."",""Необычный отдых"",""https://www.tripadvisor.ru/ShowUserReviews-g2619415-d12118366-r786598762-Scala-Kabardinka_Gelendzhiksky_District_Krasnodar_Krai_Southern_District.html"""
"Халактырский пляж,"""","""","""""
"Шикша,""Прекрасное места для отдыха душой и телом. Бескрайние водные просторы вокруг острова. Прозрачные и глубокие озёра на самом острове. Влажные, богатые ягодами и грибами леса. Уеденное, вдали от людей место. Тёплые и удобные палатки с большой двуспальной кроватью. Большие, сытные завтраки и вкусные ужины. Были окружены любовью и заботой Александра и Татьяны!"",""Глэмпинг Шикша"",""https://www.tripadvisor.ru/ShowUserReviews-g2542436-d19450169-r770880334-Shiksha-Ostashkovsky_District_Tver_Oblast_Central_Russia.html"""
"Шикша,""Шикарный отдых в шикарных шалашах))) третий год ездим и всегда до слез не хочется уезжать! Ребята невероятные молодцы, все очень гостеприимно, палатки-тенты на деревянных подмостках в полметра, простыни с подогревом, лампа по центру палатки тоже греет до 30 градусов, душевые и туалеты из дерева с нормальнои? канализациеи? и подогревом, евент тент с завтраками и ужинами, кинотеатр и солярии?!!! Про лес, грибы и озе?ра я вообще молчу)) приезжайте - не пожалеете!!!"",""Лучший отдых))"",""https://www.tripadvisor.ru/ShowUserReviews-g2542436-d19450169-r770879686-Shiksha-Ostashkovsky_District_Tver_Oblast_Central_Russia.html"""
"Шикша,""Обалденное место! Потрясающая природа. Очень чисто, очень дружелюбно, очень вкусно. Палатки теплые, аккуратные и чистые, вкусные завтраки и ужины, для обедов есть кафе с домашней едой совсем близко (мммм, булочки с черникой), из развлечений - потрясающий лес, озера и сапы, рыбалка, настольный теннис, общение, костер по вечерам, при нас даже группа выступала вечером. Для детей- батут, игры и беготня с другими детьми. Ездили втроём на 4 дня с 4-летним ребенком, все в восторге. Ощущение хорошей домашней гостиницы при единении с природой. Мне кажется, что для короткого отдыха, учитывая дорогу, дней 5 - самое оно."",""Что я должна здесь писать?:) место - супер!"",""https://www.tripadvisor.ru/ShowUserReviews-g2542436-d19450169-r761900871-Shiksha-Ostashkovsky_District_Tver_Oblast_Central_Russia.html"""
"Шикша,""Чудесное и душевное место на озере Селигер на острове Хачин! Комфортные палатки с обогревателями и электричеством! Вкусные разнообразные завтраки и ужины! Лодки, велосипеды и много всего в свободном пользовании)"",""Глэмпинг"",""https://www.tripadvisor.ru/ShowUserReviews-g2542436-d19450169-r744989735-Shiksha-Ostashkovsky_District_Tver_Oblast_Central_Russia.html"""
"База отдыха Салокюля,""Отдыхали в этом чудесном местечке неделю в сентябре , 2мя семьями с маленькими детьми от 1-5л. Долго подбирали подходящий вариант и не прогадали). Хутор Салокюля находится в очень живописном месте на Ладожских шхерах . Наши мужчина занимались рыбалкой, брали в аренду лодки и потом дразнили нас потрясающими фото и видио с островов , даже нерпу засняли . Рыбку тоже кстати поймали , арендовали котелок и сварили уху. Детям очень понравился минизоопарк , гуси , еноты, кролики , курочки приходят прямо к домикам, как будто ты и правда оказался в деревенском аутентичном Хуторке . Банька с чаном на озере -вообще отельная сказка , на улице шёл дождик , а мы с детьми сидели в тёплом чане и наслаждались окружающей природной красотой , мужчины наши ныряли с баньки в озеро , это настоящий"",""Отдохнули душой и телом ! 100% перезагрузка"",""https://www.tripadvisor.ru/ShowUserReviews-g9740131-d12475961-r819052344-Holiday_Village_Salokyla-Lumivaara_Lakhdenpokhsky_District_Republic_of_Karelia.html"""
"База отдыха Салокюля,""Уютные деревянные домики, живописная природа, свежий воздух, идеальные места для рыбалки и прогулок на лодочках. Очень понравилась банька на воде) Были в летнее время, хотим посетить вас еще и зимой )"",""Отличное место для отдыха"",""https://www.tripadvisor.ru/ShowUserReviews-g9740131-d12475961-r808762661-Holiday_Village_Salokyla-Lumivaara_Lakhdenpokhsky_District_Republic_of_Karelia.html"""
"База отдыха Салокюля,""Хотим выразить благодарность за приятный отдых на Вашей базе. Место стоит того, чтобы возвращаться и рекомендовать друзьям! Спасибо за тишину и уют! Мы отлично отдохнули. Обязательно приедем к Вам еще раз!)"",""Прекрасная база для семейного отдыха!"",""https://www.tripadvisor.ru/ShowUserReviews-g9740131-d12475961-r793185729-Holiday_Village_Salokyla-Lumivaara_Lakhdenpokhsky_District_Republic_of_Karelia.html"""
"База отдыха Салокюля,""Отличное аутентичное место. Нам с детками очень понравилось. Как у бабушки побывали. Все чисто и опрятно, видно что база не для прокачки денег. Очень теплое и душевное место. Всем рекомендуем. Не пожалеете не чуть."",""Нет лучше места в Карелии."",""https://www.tripadvisor.ru/ShowUserReviews-g9740131-d12475961-r792742393-Holiday_Village_Salokyla-Lumivaara_Lakhdenpokhsky_District_Republic_of_Karelia.html"""
"База отдыха Салокюля,""Все очень понравилось. Чистенько и опрятно. Уже не первый раз здесь и надеемся не последний. База как новенькая, как несколько лет назад. Енотики подросли, кролики супер. Очень любим и всем советуем !!"",""Отличное место для семейного отдыха."",""https://www.tripadvisor.ru/ShowUserReviews-g9740131-d12475961-r792348460-Holiday_Village_Salokyla-Lumivaara_Lakhdenpokhsky_District_Republic_of_Karelia.html"""
"Дальний кордон,""Турбаза находится недалеко от Москвы - примерно 100 км по Минскому шоссе, второстепенным дорогам и слегка убитому грейдеру. На территории в общей сложности примерно 10-12 домиков, мы снимали шатёр на помосте (глэмпинг) на две ночи. У каждого свой помост для входа в реку, мангал и достаточное расстояние, чтобы чувствовать уединение. Турбаза дружелюбна к питомцам - мы заплатили небольшую сумму и смогли взять с собой собаку. Река чистая, виды вокруг замечательные! Персонал очень гостеприимный, отзывчивый и готовый помочь. Однозначно рекомендую!"",""Замечательное место!"",""https://www.tripadvisor.ru/ShowUserReviews-g14132149-d14082827-r794505206-Dalniy_Kordon-Peredel_Kaluga_Oblast_Central_Russia.html"""
"Дальний кордон,""Провели выходные в конце сентября на базе несколькими семьями, чтобы отметить семейный праздник. Тихое спокойное место, территория ухоженная, есть даже детская площадка. У каждого домика есть мангал и уличная мебель, очень удобно, чтобы пожарить мясо на природе. Домики теплые, чистенькие, укомплектованы всем необходимым. Единственное, вода в санузле специфическая, с запахом, рекомендую питьевую воду или на чай брать с собой. Еще нас достали в первую ночь мухи, которые по осени слетаются в тепло, но если ночью оставить свет в туалете, то они дружной толпой улетают туда. Мы были уже в конце сезона, поэтому были некоторые трудности с кафе, нужно было заранее договариваться и обговаривать меню. Спасибо Сергею за вкусные обеды и завтраки, даже в столь стесненных обстоятельствах он"",""Приятное место"",""https://www.tripadvisor.ru/ShowUserReviews-g14132149-d14082827-r773351364-Dalniy_Kordon-Peredel_Kaluga_Oblast_Central_Russia.html"""
"Дальний кордон,""Как только я увидела, что на территории базы @ есть глэмпинг, то, несомненно, без внимания это место не осталось. Сразу скажу о минусе (единственном), съехав с основной трассы около 20 км. вам придется потрястись по грунтовой дороге, местами разбитой. Но нас этот факт не огорчил, потому что были в предвкушении отдыха в глэмпинге.?? Глэмпинг ?? полностью мебелирован, подведено электричество, есть 3 полноценных спальных места, холодильник, чайник, посуда частично, умывальник с подогревом, на веранде располагаются стол, стулья и гамак. Кто боится промокнуть или замерзнуть, не бойтесь. ВСЕ ПРОВЕРИЛИ НА СЕБЕ!!!?? Во-первых, он выполнен из безупречно прочных материалов, мы как раз испытали и гром и сильнейшей ветер и ливень, находясь внутри. ВЫДЕРЖАЛ!!!?? Во-вторых, в"",""Нашла еще одно чудесное местечко, где можно отдохнуть душой и телом"",""https://www.tripadvisor.ru/ShowUserReviews-g14132149-d14082827-r763347307-Dalniy_Kordon-Peredel_Kaluga_Oblast_Central_Russia.html"""
"Айвенго,""Выбрали отдых на Алтае как альтернативу поездке на море в Турцию. В какой-то момент поняли, что хотим тишины и покоя, что никакой эксклюзив не заменит единение с природой. Наш шатер был без имени, под номером 2. Очень понравился, находится в уединении, дальше всех, среди гор и реки. В этом году тоже собираемся на Алтай, Катунь манит. Приедем с друзьями, сразу будем бронировать три шатра на первой линии."",""Лучший отдых!!!"",""https://www.tripadvisor.ru/ShowUserReviews-g6857095-d23426860-r828390934-Aivengo-Yelanda_Altai_Krai_Siberian_District.html"""
"Айвенго,""Любители отелей «все включено» , предсказуемости и комфорта, как в отелях 5 звезд-вам не сюда! Здесь - приключения, здесь возможен выход из зоны комфорта (из-за грозы отключили электроенергию, но кухня работала и горячая вода была) , здесь почти нет связи и скролить ленту инстаграмма нет возможности! Но нам и не хотелось. Здесь - близость к природе, отличная кухня в дали от цивилизации (даже мастер классы, мы попали на ризотто-это было очень вкусно!), головокружительные пейзажи, посиделки у костра с глинтвейном, или с гитарой, разговоры , прогулки в горах с Лисой (собака, которая живет в Айвенго и не прочь составить компанию!), встретить табун лошадей забежавших на миноточку подъесть вкусной травы или коров, есть огромные качели от которых дух захватывает, пляж с песком,"",""ПРОБУЖДЕНИЕ"",""https://www.tripadvisor.ru/ShowUserReviews-g6857095-d23426860-r806795667-Aivengo-Yelanda_Altai_Krai_Siberian_District.html"""
"Айвенго,""Уже после того, как прожив в этом потрясающем месте 2 дня мы решили, что нам очень повезло, ведь нашли мы его случайно и на эти даты у нас уже был забронирован другой отель и были построены планы. Но! Увидев палатку на берегу реки мы не долго думая изменили все наши планы. И как же мы были правы. Лагерь находится на берегу реки и она достаточно шумная, так что если вы любите спать в тишине, то лучше взять палатку на 2й или 3й линии. На самом деле этот отель хорош тем, что из любой палатки вид будет просто потрясающий. Очень хорошая территория. Качели для детей(мы тоже катались), песочница с игрушками, зоны для мангалов. Деревянные дорожки ко всем палаткам. Обязательно вас порадуют множество резвящихся сусликов. Их мы видели только на территории этого отеля за весь отпуск."",""Спасибо за эмоции!!!!"",""https://www.tripadvisor.ru/ShowUserReviews-g6857095-d23426860-r794170314-Aivengo-Yelanda_Altai_Krai_Siberian_District.html"""
"Айвенго,""Бронировали шатер на 3 линии через букинг, за адекватную, на наш взгляд, цену (5400/сутки). Территория очень понравилась, Шатры выглядят здорово, деревянные дорожки удобные, на территории есть пляжи, качели, костровые зоны с бесплатными дровами. Находиться здесь очень приятно и хочется вернуться. Все сотрудники очень доброжелательны и приветливы, во время приезда без внимания не оставили, сразу встретили и заселили раньше 14. Географически глэмпинг очень удобно расположен, в живописном районе, но недалеко от жуткого Чемала где базы, кафешки и магазины и прочая инфраструктура расположены друг на друге. Из минусов: -Террасу кафе можно было бы доработать и сделать более презентабельной и уютной, но наверное все еще впереди) -Внутри шатра не хватало стульев, видели, что у других"",""Понравилось, но есть недочеты"",""https://www.tripadvisor.ru/ShowUserReviews-g6857095-d23426860-r793890520-Aivengo-Yelanda_Altai_Krai_Siberian_District.html"""
"Айвенго,""Очень понравилось место. Глэмпинг, где удалось забыть офис и суету. Расслабляешься от видов гор и шума Катуни. Уютный минимализм в шатрах, вкусная еда и легкое общение. Спасибо за душевность и живописность. Большое желание вернуться!"",""Ivengo Altai"",""https://www.tripadvisor.ru/ShowUserReviews-g6857095-d23426860-r793014843-Aivengo-Yelanda_Altai_Krai_Siberian_District.html"""
"Папоротник,""Решили отдохнуть в Карелии. Выбрали это место. Думали отдохнуть, получилось всем наоборот. подъезд к кемпингу-целый квест. ещё и бездорожье, ещё и снег не убирают к подъезду. больше минусов в дороге, чем плюсов, даже не смотря на то, что как в сказку попадаешь. виды, конечно, нереальные. приехав на место, не совсем понимаешь, что и как-освещения ноль, кроме твоих фар. встретили ребята, проводили на место, сказав, что дом ещё не совсем достроен. ожидание были хорошие, но войдя в дом понимаешь, что ахтунг. домик только построили и сдают. на полу дсп, окна не доделаны, хоть и панорамные. стоит одна кровать и что-то подобие камина(пахнет газом!). подобие стола оставляет желать лучшего. а про ванную комнату отдельный пост. стоит биотуалет и умывальник , как в ссср, в деревне. не"",""Никому не рекомендую"",""https://www.tripadvisor.ru/ShowUserReviews-g2213191-d15013352-r824262037-Paporotnik-Lakhdenpokhya_Lakhdenpokhsky_District_Republic_of_Karelia_Northwest.html"""
"Папоротник,""Компанией из 4х человек забронировали 2 домика на новогодние праздники. На протяжении всего декабря переписывались с руководством этого псевдоглемпинга, спрашивали готовы будут домики или нет к нашему прибытию. За день ещё раз уточнили у Сергея ( управляющего этой конторы) будут ли готовы домики к нашему прибытию, нам подтвердили что все готово, можете приезжать. Он же также является основателем этого постоянного развода на деньги. По факту когда приехали увидели несколько недостроенных домов, которые явно не готовы для проживания, нет туалета и водопроводной воды вообще никакой. Домики не соответствуют описанию и фотографиям, которые скидывают в группе. На какие либо преложения по возврату денег Сергей сначала не брал трубки, потом категорически отказал в возврате, причём"",""Ужасный отдых! Мошенничество! Развод на деньги!"",""https://www.tripadvisor.ru/ShowUserReviews-g2213191-d15013352-r823622753-Paporotnik-Lakhdenpokhya_Lakhdenpokhsky_District_Republic_of_Karelia_Northwest.html"""
"Папоротник,""Отдать за 2 ночи 14 с лишним тысяч и получить по факту ...дайте подумаю..ничего!на букинге не слова о отсутствии электричества ,лишь тонкий намёк, что розеток нет, соответственно холодильника нет ,мы привезли 3 кг шашлыка, сыр,йогурты, а давайте куда хотите. Света нет ,несчастные 2 """"палочки"""" светодиодные ?????глаза выколи...почему нельзя добавить фонариков свечей или хотя бы указать это на сайте!!!!есть """"баня"""",за которую мы отдали 2000 р,а на неё без слез не взглянешь.. грязно..да её ещё и перетопили,что там в предбаннике можно было париться ,а в банк сгореть.При бронировании в вотсап пришло сообщение от хозяина,что на 2 часа лодки в подарок ,в итоге при выезде пришлось это доказывать администратору.Лодка 1, тащится из """"глемпинга """" на квадратцикле,потом сам плывёшь фиг знает"",""ОТВРАТИТЕЛЬНЫЙ ПСЕВДО """"ГЛЕМПИНГ"""""",""https://www.tripadvisor.ru/ShowUserReviews-g2213191-d15013352-r806778260-Paporotnik-Lakhdenpokhya_Lakhdenpokhsky_District_Republic_of_Karelia_Northwest.html"""
"Папоротник,""Испанский стыд, а не место для отдыха. Большего развода в сфере туризма я пока не встречала и, надеюсь, не встречу. Сразу скажу, что я не привереда , сама занимаюсь горным туризмом, останавливаюсь в палатках без света, удобств, интернета и прочего. По плохим дорогам тоже езжу-не страшно. Но не за 6000 рублей за ночь . Цена и качество не то, чтобы не соотвествуют-они диаметрально противоположные. Накануне мы останавливались на турбазе с идеальным подьездом, отличными удобствами, полноценной кухней, чистейшей комнатой, заплатили за это 4500 и нам показалось, что это было дорого. Если бы мы знали про папоротник-4500 показались бы нам задаром. Доведите место до ума-и берите деньги, все только спасибо скажут. Но когда в неуютный без окон шалаш, обветшалый с дырками, с видавшей видами"",""Развод на деньги"",""https://www.tripadvisor.ru/ShowUserReviews-g2213191-d15013352-r801251628-Paporotnik-Lakhdenpokhya_Lakhdenpokhsky_District_Republic_of_Karelia_Northwest.html"""
"Папоротник,""Ставишь палатки в богом забытом месте, до которого почти невозможно добраться на легковом автомобиле, не повредив этот самый автомобиль, экономишь на электричестве (его нет не только в палатках, но и у администрации, а значит и нет розеток, и нет холодильника, и нет горячей воды и т.д). Пишешь красивое описание на сайте, которое не соответствует действительности, называешь все это глэмпингом и вуаля - глупые туристы от безысходности (потому что летом, когда заграница закрыта, российских мест размещения очень не хватает) платят по 6 тыс за сутки (естественно, вперед). А если тебе что-то не нравится и ты хочешь уехать раньше, то это твои проблемы и деньги тебе никто не вернет, потому что все претензии - это твое субъективное мнение, которое хозяев не интересует. Ведь они по-своему"",""Внимание! Мошенники! Как можно нажиться на туристах в эпоху пандемии. Руководство к действию."",""https://www.tripadvisor.ru/ShowUserReviews-g2213191-d15013352-r800076644-Paporotnik-Lakhdenpokhya_Lakhdenpokhsky_District_Republic_of_Karelia_Northwest.html"""
"Polyana Glamping,""Потрясающая локация, идеальное место, чтобы провести время в Калининграде. Приезжаем во второй раз, впервые были в 2019 году. Глэмпинг - на территории заповедника со всеми вытекающими преимуществами, много живности, прекрасная природе и, конечно, море. Думается, что с маленькими детьми может быть не очень комфортно, но это на усмотрение родителей. Очень удобные кровати и сам шатер не уступает уровню хорошего отеля. Цены - приятные, особенно после подмосковных глэмпингов. Очень здорово, что можно вкусно поесть, на Косе нормального кафе больше нет. Полный комфорт, а если повезет с погодой, то отдых удастся на 1000%. Спасибо сотрудникам глэмпинга за организацию прекрасного отдыха!"",""Идеальное место для пар, которые хотят провести время на природе"",""https://www.tripadvisor.ru/ShowUserReviews-g8116289-d21210827-r817318123-Polyana_Glamping-Lesnoy_Zelenogradsky_District_Kaliningrad_Oblast_Northwestern.html"""
"Polyana Glamping,""Само место чудесное, на лоне природы, рядом Балтийское море с широчайшим и почти безлюдным пляжем. Но как пишут многие, это не заслуга создателей так называемого """"глэмпинга"""". Что хотелось бы обозначить, нам шатер не дал полного ощущения комфортного отдыха, хотя в целом обустроен он неплохо, удобная кровать с подогревом, оригинальная мебель, коврики, электричество, уютный свет. Стулья и гамак на улице. Душевыми мы не пользовались, туалет годный. В сентябре ночью холодно, воздух ледяной, увы подогрев матраса и теплое одеяло нас не спасали, голову ведь под одеяло не спрячешь, а она тоже мерзнет да и дышать холодным воздухом не гоже, от него быстро начинает першить горло. А вечером после заката в кровати время проводить еще не хочется, но в шатре уже прохладно. Навесной"",""Классная идея, но ее реализация действительно страдает"",""https://www.tripadvisor.ru/ShowUserReviews-g8116289-d21210827-r809212710-Polyana_Glamping-Lesnoy_Zelenogradsky_District_Kaliningrad_Oblast_Northwestern.html"""
"Polyana Glamping,""Отдыхали с женой в этом красивом месте. Ночью поют птицы, очень романтично и необыкновенно. Первый раз отдыхали в подобном формате. Как пишут многие дороговато, с этим соглашусь полностью. Еда которую тут подают вообще никакая, завтрак подают очень долго и все холодное. Вечером заказали том ям и рыбу, суп пресный и кислый, рыба сухая, одним словом невкусно и долго. Персонал вежливый но не весь, парень с усиками и девушка за баром, остальные натягивают улыбку, было видно что нам не рады. Девушка с глазами как у рыбы всем поведением показывала, что ее все достали. Красивая природа, завораживающий костер ночью, из приятного все!"",""Слишком."",""https://www.tripadvisor.ru/ShowUserReviews-g8116289-d21210827-r789878627-Polyana_Glamping-Lesnoy_Zelenogradsky_District_Kaliningrad_Oblast_Northwestern.html"""
"Кемпинг Лес и Море,""Отдыхали 3 ночи, с малышом 6 мес и собакой Джек Рассел терьер. Понравилось всем без исключения. Ребёнок никогда так не спал как в этом сосновом лесу, а собака набегалась и накупалась на свободе. Еда это что-то фантастическое! Фирменная каша с мятой на завтрак наш фаворит. Есть развлечения - сап борды, каяк, настолки разнообразные, небольшая библиотека, вечерний кинотеатр, костёр и барбекю из маршмелоу. Всё уютно, комфортно, эстетично. Нам очень понравилось, обязательно приедем ещё!"",""Обязательно приедем ещё!"",""https://www.tripadvisor.ru/ShowUserReviews-g14994439-d12793122-r835457673-Campsite_Les_i_More-Spirovskiy_Kalyazinsky_District_Tver_Oblast_Central_Russi.html"""
"Кемпинг Лес и Море,""Мы провели там 3 дня, 3 волшебных дня в начале августа, которые мы до сих пор вспоминаем с огромной теплотой и любовью. Поездка на катере до острова, как отдельный вид путешествия, ведь мы посмотрели затопленную колокольню и полюбовались видами Волги. Палатки супер комфортные, мы выспались как никогда не выспались в городе. У каждой палатки стоит биотуалет и на острове есть душевые кабины, сложно поверить, что такое вообще возможно. На острове много ягод, грибов, сап борд, байдарки, лук, игровая зона. Прекрасная кухня! Вечерний костёр! Кино, для детей мультики. Дружелюбный и очень старающийся персонал!"",""Чудесное место!"",""https://www.tripadvisor.ru/ShowUserReviews-g14994439-d12793122-r829112321-Campsite_Les_i_More-Spirovskiy_Kalyazinsky_District_Tver_Oblast_Central_Russi.html"""
"Кемпинг Лес и Море,""Были 3 дня в начале августа. Очень понравилось! С первого взгляда вроде все просто, но детали..!! Решили вернуться на 4 дня в конце месяца. С погодой не повезло и практически все дни лил дождь с короткими промежутками. Но даже такая погода в целом не помешала и давала особое очарование острову и такой уже осенней атмосфере. Дождик убаюкивает когда спишь в палатке. Воздух влажный тепловатый лесной. Умытая природа. Грибы! Сапы, байдарки. Прекрасная кухня! Вечерний костёр! Дружелюбный и очень старающийся персонал! Очень понравился мастер-класс по изготовлению свечей, памятно и душевно. К вам хочется возвращаться! Спасибо за перезагрузку!"",""Вдохновляющее место"",""https://www.tripadvisor.ru/ShowUserReviews-g14994439-d12793122-r807748800-Campsite_Les_i_More-Spirovskiy_Kalyazinsky_District_Tver_Oblast_Central_Russi.html"""
"Кемпинг Лес и Море,""За 20 тысяч жить в палатке без окон, с запахом плесени, туалетом на улице!! Общим душем, метров 50 от палатки это как то слишком. В туалете нет света, надо ходить с телефоном ночью. За 3 дня номера не убирали, туалет тоже. Из плюсов: Еда хорошая, 3 раза в день, есть сап борд и каяк- все бесплатно. Игровая комната и лук. Вечером кино, и дружелюбная атмосфера."",""Не впечатлил"",""https://www.tripadvisor.ru/ShowUserReviews-g14994439-d12793122-r803535819-Campsite_Les_i_More-Spirovskiy_Kalyazinsky_District_Tver_Oblast_Central_Russi.html"""
"Кемпинг Лес и Море,""Очень хочу поделиться своими впечатлениями об этом уникальном месте. Мои друзья отмечали в августе 2020 свадьбу в Лес и Море, когда мы добрались до острова, то я сразу поняла, что реальность в разы превысила ожидания! Хотя я подписана на инстаграм аккаунт очень долго (@lesismorecamp) и уже была влюблена в них, но правда, когда оказываешься там - ты попадаешь в состояние эйфории и не веришь, что это происходит с тобой! Мы провели там 3 дня, 3 волшебных дня, которые мы все до сих пор вспоминаем с огромной теплотой и любовью. Я очень рада, что в нашей стране есть такое прекрасное место, где ты можешь уединиться от суеты и соединиться с природой в окружении близких людей. Хочу выразить огромную благодарность персоналу, которые помогали нам провести эти дни так ярко) Нас очень"",""Оазис гармонии и душевного равновесия"",""https://www.tripadvisor.ru/ShowUserReviews-g14994439-d12793122-r786062684-Campsite_Les_i_More-Spirovskiy_Kalyazinsky_District_Tver_Oblast_Central_Russi.html"""
"Майтри Кэмп на Финском Заливе,""Место очень красивое, живописное! Финский залив великолепен и, конечно же, отдых на берегу не может не понравиться. Но что же такое my tree camp и за что мы платим?? Ночь нам обошлась в 15 000 рублей. Ещё 5000 стоит бочка за 2 часа. Администратор предупреждает, что остывает она быстро и чтобы не замёрзнуть нужно так же бронировать сауну (без сауны купель забронировать нельзя). Сауна стоит ещё 5000 рублей, так же на 2 часа. Зачем же тогда делить стоимость? Вопрос. Ну ладно, бронируем, приезжаем в надежде на великолепный отдых! При заселении нас с радостью предупреждают, что света, воды и интернета - НЕТ. Но они работают над исправлением данной проблемы и через несколько часов все заработает. Предлагают ознакомиться с правилами. Если обобщить их, получится следующее: «мы не несём"",""Красиво, но за что мы платим?"",""https://www.tripadvisor.ru/ShowUserReviews-g2418659-d20150853-r836659806-My_Tree_Camp_on_the_Gulf_of_Finland-Vyborgsky_District_Leningrad_Oblast_Northw.html"""
"Майтри Кэмп на Финском Заливе,""Как нам понравилось даже не передать. Природа просто восторг. Домик (купол) очень уютный и тёплый. Тёплый пол пришлось даже уменьшить, а то стало жарко. Обстановка ничуть не хуже , чем в финских коттеджах. Интернет есть, во всяком случае для общения хватало. Дорога от шоссе не очень, но если не гнать то нормально. Кто-то написал, что оторвал бампер, даже не представляю как он ехал. Мы груженые ( три взрослых и собака и продукты) доехали отлично на Пежо. В общем, хочу сказать огромное спасибо и мы обязательно ещё приедем."",""Отдых в ноябре"",""https://www.tripadvisor.ru/ShowUserReviews-g2418659-d20150853-r817683632-My_Tree_Camp_on_the_Gulf_of_Finland-Vyborgsky_District_Leningrad_Oblast_Northw.html"""
"Майтри Кэмп на Финском Заливе,""Попали в этот шатровый отель совершенно случайно, проездом, в поисках места для отдыха и ночлега. И не пожалели!!! Менее чем за сутки отдыха получили такой заряд положительных эмоций и энергии, как будто отдыхали неделю. Вокруг чистая природа, лес, мох, черника, брусника, грибы, рядом (30-50 м) пустынный пляж, море, между шатрами на деревьях подвешены кресла, гамаки. Удобная столовая, в которой кормят вкусными завтраками, предлагая выбор из нескольких блюд, и всегда есть чай, кофе или просто кипяток без ограничений. Для """"стандартных"""" шатров есть вполне современные и в достаточном количестве туалеты, умывальники и душевые с горячей и холодной водой и другими необходимыми удобствами, а у """"vip"""" шатров эти удобства оборудованы индивидуально. Есть замечательная баня-бочка практически"",""Шатровый отель """"Хюгге Кэмп"""""",""https://www.tripadvisor.ru/ShowUserReviews-g2418659-d20150853-r766722529-My_Tree_Camp_on_the_Gulf_of_Finland-Vyborgsky_District_Leningrad_Oblast_Northw.html"""
"Майтри Кэмп на Финском Заливе,""Отдыхали семьей с 10-14.08. Приехали из Москвы, дочка очень хотела поехать в подобный кемпинг. Плюсы: очень красивая территория, много черники и грибов, великолепный финский залив, отличная баня, купель не оценили, хорошие палатки: одна двуспальная кровать и односпальная, печку не топили, обогреватель работал отлично, нагревал палатку очень быстро , мангал и шезлонг у каждой палатки. Хорошие завтраки: каша или яичница обычная/скрембл, чай всегда можно налить, можно попросить за отдельную плату приготовить обед, но мы не обращались. Минусы: один маленький холодильник, на всех гостей явно не хватает, но, сотрудница лагеря, когда увидела наше глубочайшее расстройство, что мы даже стейки не можем впихнуть, предложили положить их в свой холодильник, , остальные продукты потащили"",""Отдых в Хюгге"",""https://www.tripadvisor.ru/ShowUserReviews-g2418659-d20150853-r765627004-My_Tree_Camp_on_the_Gulf_of_Finland-Vyborgsky_District_Leningrad_Oblast_Northw.html"""
"Майтри Кэмп на Финском Заливе,""То, с каким вниманием к мельчайшим деталям здесь устроено все, я могу писать долго. До закрытия границ я путешествовала примерно трижды в месяц, но никогда по нашей стране. Забегая вперёд, хочу сказать что все следующие отели нашего маршрута в лесу, глемпинги, дачные отели и даже один суровый отечественный люкс - резорт не покорили меня так, как белые тенты на Финском заливе. То ли это моя ностальгия по дюнам калифорнийского побережья ( конечно же не только ), то ли это и впрямь редчайший случай , когда владельцам ЕСТЬ дело до того, круто ли тебе. Одним словом, это любовь с первого взгляда. У нас был шатёр на первой береговой линии с душем и туалетом. Но у тентов без удобств есть общий гигиенический блок в паре шагов, а ещё общий холодильник и зона для завтраков. Кстати, на"",""Невероятные впечатления"",""https://www.tripadvisor.ru/ShowUserReviews-g2418659-d20150853-r762718554-My_Tree_Camp_on_the_Gulf_of_Finland-Vyborgsky_District_Leningrad_Oblast_Northw.html"""
"Глэмпинг Северный Крым,""Не реклама...:)...довелось проездом сутки на базе провести. Как управляющий турбазой в Карелии.....Минусов у Замошье - нет....Плюсы..1) -разнесли заезд\выезд (час пик для любой турбазы) на два часа для разных домиков..2)-главный плюс- все новое...домики, инвентарь, даже, деревья посаженные...3)-организована парковка авто гостей...4)-отдых для семей с детьми - ферма со """"зверьем""""-контактный зоопарк....рекомендую.."",""Управляющий Тур базой"",""https://www.tripadvisor.ru/ShowUserReviews-g19882655-d19874003-r806049762-Glemping_Severnyy_Krym-Zamosh_ye_Luzhsky_District_Leningrad_Oblast_Northweste.html"""
"Глэмпинг Северный Крым,""В последний день пребывания, перестало работать кафе, причины не объяснили. Завтрак, который, указан на сайте, что """"включен в стоимость"""" нам не предоставили, сказали """"он предоставляется бесплатно, и никакой компенсации не будет"""". Даже не извинились. Стоимость аренды SUP бордов на сайте 500р, по факту на ресепшене уже указано 700р"",""Испортили впечатление"",""https://www.tripadvisor.ru/ShowUserReviews-g19882655-d19874003-r797463218-Glemping_Severnyy_Krym-Zamosh_ye_Luzhsky_District_Leningrad_Oblast_Northweste.html"""
"Трувор Глэмпинг Валдай,""Атмосферное, уютное и очень душевное место. Уединение в стильном домике прямо на берегу озера, в сочетание со свежим воздухом и чистым лесом делает отдых незабываемым. Для нас с семьей сложились идеальные выходные. Отдельно спасибо хозяину за чистейший дом, все очень удобно и эстетично. Вернемся однозначно еще не один раз."",""Запоминающийся отдых в невероятном месте"",""https://www.tripadvisor.ru/ShowUserReviews-g23217691-d23987435-r838672636-Truvor_Glamping_Valdai-Korotsko_Novgorod_Oblast_Northwestern_District.html"""
"Трувор Глэмпинг Валдай,""Отмечал здесь свой ДР. Очень понравился интерьер, укомплектованность дома всем необходимым. Отдельная благодарность администратору Алексею, который учёл все наши пожелания. И, конечно, прекрасный вид на озеро, плюс воздух Валдайский!"",""Душевное место"",""https://www.tripadvisor.ru/ShowUserReviews-g23217691-d23987435-r838672005-Truvor_Glamping_Valdai-Korotsko_Novgorod_Oblast_Northwestern_District.html"""
"Глемпинг Старый Сивух,""Выходные пролетели как маленькая жизнь! Они были насыщенными и запомнятся надолго! Комфортабельные глэмп-номера. Электронные ключи, чистота и уют. Аутентичность жизни в горах, пересекаемая с последними тенденциями в туризме. Мы обязательно вернемся, спасибо за сказку!"",""Отдых в глэмпинге"",""https://www.tripadvisor.ru/ShowUserReviews-g23769867-d23766734-r820326150-Glamping_Old_Sivukh-Staryy_Sivukh_Republic_of_Dagestan_North_Caucasian_Distri.html"""
"Долина мечтателей,"""","""","""""
"Eko-camping SFERA,""Были два дня назад. Место волшебное - ощущение, что побывали в настоящей сказке. Заснеженный лес, озеро - природа потрясающая. Жили в необычном домике - геосфере. Чисто, опрятно, тепло. Топили печь дровами - это не сравнится с камином в квартире. Брали с собой только продукты, чтобы приготовить на мангале, а оказалось, что есть кафе, где можно покушать. В принципе, всё необходимое для отдыха нам предоставили, и все принадлежности для мангала и посуду, и даже горячую воду в термосе. Насладились чаем из самовар - где ещё такое попробуешь?! Вечерняя прогулка на лыжах через лес стала настоящим приключением, так красиво, волшебно! Среди удобств в доме - биотуалет, впервые таким пользовались, но нам всё доступно объяснили. Душ с горячей водой в главном корпусе, в принципе знали куда"",""Волшебное место для отдыха! Побывали в настоящей сказке!"",""https://www.tripadvisor.ru/ShowUserReviews-g1572253-d12503749-r827318538-Eko_camping_SFERA-Pereslavl_Zalessky_Yaroslavl_Oblast_Central_Russia.html"""
"Eko-camping SFERA,""Спойлер: крайне отвратительное место с ужасным сервисом, который испортит ваш отдых и наслаждение природой. При заселении в экошалаше было холодно как на улице. Оказывается, персонал не помнил про наш заезд и они просто забыли включить обогреватель в номере. В итоге, до комфортной температуры в 20-22 градуса пришлось ждать 5 часов. Кстати туалет всегда будет холодным как на улице, потому что он не обогревается. Либо терпеть, либо снимать кальсоны в минусовую температуру. Пока грелся шалаш, купили дрова что бы пожарить шашлыки. Но дрова оказались настолько сырыми, что с некоторых поленьев вода капала. Хорошо что купили средство для розжига, с помощью которого смогли хотя бы поджечь некоторые более менее """"сухие"""" дрова и хоть немного согреться. В номере само собой нету воды,"",""Худшая реализация экокемпинга"",""https://www.tripadvisor.ru/ShowUserReviews-g1572253-d12503749-r820327318-Eko_camping_SFERA-Pereslavl_Zalessky_Yaroslavl_Oblast_Central_Russia.html"""
"Eko-camping SFERA,""Сама по себе идея вообще огонь (если говорить про сферу), но явно то, что увидели, не стоит своих денег. Приехали достаточно поздно, и это подпортило впечатление. Парковки как таковой нет, машину приходится кидать вдоль дороги, охват камеры не совсем понятен, как и работает ли она, освещение очень скудное, так еще и связи нет. Потом ждет плохо освещенная дорога до администрации. Большинство информации надо вытягивать клещами, но не сказать, что персонал не идет навстречу. Дорожки до самих сфер сделаны на скорую руку (как и многое). Касаемо сферы. На внешний вид намного лучше, чем внутри. Грязные шторы, поношенный матрас, биотуалет переживший и видавший многое, трещины и разводы на стеклах. Вид из окна минимальный, хотя и смотреть некуда. Выходит просто на тропинку, по которой"",""Идея классная, но много недочетов"",""https://www.tripadvisor.ru/ShowUserReviews-g1572253-d12503749-r819160646-Eko_camping_SFERA-Pereslavl_Zalessky_Yaroslavl_Oblast_Central_Russia.html"""
"Eko-camping SFERA,""При заселении проводили нас в наш геокупол #1 на вопросы персонал отвечал неохотно. Про территорию не рассказали вовсе ничего, про номер вкратце про биотуалет. Который после предыдущих гостей так и не убрали. Сразу скажу, что номер не предназначен для отдыха с детьми или животными. И судя по первым срокам в их памятке по отелю, что лежал в номере, владельцы отеля РЕКОМЕНДУЮТ СПОКОЙНО ПРИНИМАТЬ ВСЕ НЕУДОБСТВА, КОТОРЫЕ БУДУТ ВОЗНИКАТЬ, а возникать они будут. Выключатели не закреплены, розетки тоже болтаются, провода наружу. Вводной электрический автомат номера расположен внизу у ног, корпус не закрывается надёжно. Проводка вся малого сечения, автомат на малый ток, при использовании большого количества розеток (а часть из них нужна под холодильник и телевизор, например) его просто"",""Отдых тут может быть угрозой Вашему здоровью"",""https://www.tripadvisor.ru/ShowUserReviews-g1572253-d12503749-r810694817-Eko_camping_SFERA-Pereslavl_Zalessky_Yaroslavl_Oblast_Central_Russia.html"""
"Eko-camping SFERA,""эко кемпинг SFERA - купол плюсы - красивая природа - волейбольное поле на песке - кошки - бесплатные настолки - можно со своей едой, греют на административке в микроволновке минусы - на машине въезд запрещён, машину пришлось оставить у дороги, далеко от кемпинга - заход в воду весь в тине, около пирса плавают 2 сломанные лодки, а предоставляемые маленькие и то всего две, у одной из них все равно не было вёсел - цены на доп услуги на сайте и по факту различаются - угли для готовки платные, сырые (разжигали угли минут 25) - ближе к ночи во всем кемпинге выключилось электричество, было страшно - камина хватает на часов 5, ночью пришлось встать топить, дрова мокрые, разжигали минут 40 с газовым баллоном - душевые и туалет неприятно пахнут, неимоверная вонь идет от воды,"",""хуже место найти будет тяжело …"",""https://www.tripadvisor.ru/ShowUserReviews-g1572253-d12503749-r806400228-Eko_camping_SFERA-Pereslavl_Zalessky_Yaroslavl_Oblast_Central_Russia.html"""
"СПА ЛЕС глэмпинг,"""","""","""""
"Глэмпинг Под Небом,"""","""","""""
